nazwa;szerokość;wysokość
Uniwersytet 02;53.0222360096332;18.5658994317055
Szosa Okrężna 02;53.019045;18.566613
Aula UMK 02;53.017413;18.57064
Reja 02;53.0145734720287;18.5714998841286
Sztuki Piękne 04;53.0139731905103;18.5830011963844
Kraszewskiego 01;53.013913;18.592561
Dworzec Autobusowy 06;53.0154383791029;18.6037319898605
Sąd Rejonowy 02;53.019834;18.613418
Kościuszki 02;53.02466;18.611652
Sczanieckiego 02;53.028148;18.611261
Kozacka 02;53.032035;18.610962
Wielki Rów 02;53.034484;18.612632
Polna 01;53.037742;18.613613
Batorego 01;53.036743;18.622699
Dębowa Góra 01;53.0355958063998;18.6312729120255
Kanałowa 03;53.037643;18.637366
Fort IV 01;53.039498;18.632841
Mazowiecka 01;53.042666;18.626401
Mazowiecka - Pętla 00;53.0451348330896;18.6260104179382
Łączna 02;52.9868679153958;18.630027025938
Lilii Wodnych 01;52.9868485391762;18.6209464073181
Okólna 03;52.9865756564936;18.6165019869804
Brązowa 02;52.992458105986;18.6160828778748
Kniaziewicza 02;52.995013;18.618732
Plebiscytowa 02;52.9959350323446;18.6235803365707
Strzałowa 02;53.000327;18.62162
Dworzec Główny 04;52.999856;18.615782
Plac Armii Krajowej 04;52.998495;18.605744
Plac Rapackiego 01;53.0103261394539;18.5992741584778
Aleja Solidarności 02;53.013623022435;18.6030131578445
Cmentarz Centralny - II Brama 01;53.044221;18.62275
Cmentarz Centralny 01;53.042187;18.618051
Kolankowskiego 04;53.0286325165866;18.6918653547764
Witosa 02;53.025673;18.687454
Ligi Polskiej 04;53.0227845493023;18.6880069971085
Wyszyńskiego 04;53.023404;18.682113
Ślaskiego 02;53.023734;18.675865
Przybyłów 02;53.028931;18.672725
Bukowa 04;53.037166;18.673292
Elana B 04;53.037212;18.668504
Elana A 03;53.037148965067;18.6610400676727
Przychodnia 02;53.0361715944875;18.6563086509705
Tofama 05;53.0342522709612;18.652800321579
Chrobrego 01;53.031772;18.628806
Urząd Celny 01;53.030879;18.623903
Sczanieckiego 03;53.027554;18.610015
Popiela 01;53.026257;18.600257
Wybickiego 01;53.024293;18.591914
Bema 07;53.0208831841968;18.5955069959164
Arena Toruń 01;53.018825;18.591952
Fałata 02;53.0152778239694;18.5811839997768
Od Nowa 01;53.0181346479156;18.5786325484514
Akademiki 01;53.0174654371297;18.5741318017244
Aula UMK 01;53.017968052108;18.5694278776646
Szosa Okrężna 01;53.0195936447309;18.5656104236841
Uniwersytet 01;53.022917;18.565944
Czerniewice 02;52.9834543372707;18.6848795413971
Zdrojowa 02;52.9779119463074;18.683232665062
Matysiaków 02;52.975972;18.676083
Solankowa 02;52.98253;18.67015
Włocławska 01;52.989642;18.663921
Ceramika 02;52.991971;18.647164
Zimowa 02;52.992123;18.641304
Stawki Południowe 02;52.992236;18.636496
Stawki 02;52.9945531303548;18.6280488967896
Plebiscytowa 01;52.9962256135843;18.6238431930542
Kniaziewicza 01;52.99515045323;18.6182856559753
Kraszewskiego 02;53.014239;18.59266
Od Nowa 02;53.0190317532642;18.5821589827538
Św. Józefa 02;53.022427;18.584022
Szpital Bielany 02;53.027555;18.585507
Boboli 02;53.028269;18.593491
Lecha 02;53.0284357151316;18.5996013879776
Koniuchy 04;53.033716780584;18.5997542738914
Plac Św. Katarzyny 03;53.0133761280288;18.6123767495155
Wały Gen. Sikorskiego 08;53.0129985220872;18.6037386953831
Plac Rapackiego 02;53.0101679860201;18.5992915928364
Plac Armii Krajowej 05;52.9986535048495;18.6037427186966
Wiślana 01;52.996232070923;18.5891622304916
Kluczyki 01;52.9934666272945;18.5775026679039
Zagrodowa 01;52.9915760790963;18.5662454366684
Mała Nieszawka - Szkoła 01;52.9902392452808;18.5469898581505
Mała Nieszawka - Stadion 03;52.9907139228951;18.5322725772858
Mała Nieszawka - Kościół 05;52.9930936905219;18.5224503278732
Wielka Nieszawka - Urząd Gminy 07;52.996332159549;18.5095810890198
Wielka Nieszawka - Aqua Park 09;52.9985921635331;18.5052895545959
Wielka Nieszawka - RSP 11;52.9981595433535;18.4957730770111
Wielka Nieszawka - Wiślana 13;53.0006841760742;18.4804254770279
Cierpice - Ogrodowa II 40;52.9944304359846;18.4803074598312
Cierpice - Ogrodowa 38;52.9877721293105;18.4829360246658
Cierpice - Szkoła 36;52.9864384071556;18.4866079688072
Cierpiszewo - Leśna 34;52.9824898799171;18.4985297173262
Cierpiszewo 32;52.9797142703267;18.4997481107712
Cierpice - Pętla 30;52.9839080971166;18.4860420227051
Cierpice - Andrewex 28;52.9860040504942;18.4721508622169
Cierpice - Nadleśnictwo 26;52.9865256009032;18.4649813175201
Cierpice II 24;52.9879448966012;18.4526431560516
Jarki 22;52.9894174271448;18.4452348947525
Kąkol - Wiadukt 20;52.9939977741077;18.4473860263824
Kąkol 18;52.9929992449841;18.4568193554878
Przy Kaszowniku 01;53.0170326026853;18.6146512627602
Garbaty Mostek 02;53.019104;18.623021
Olbrachta 01;53.021035;18.627133
Dworzec Wschodni 04;53.0251536765482;18.634067773819
Wschodnia 04;53.02865;18.643673
Donimirskiego 01;53.0292616299683;18.6521458625793
Rubinkowo Centrum 01;53.02842;18.657672
Manhattan 01;53.0277017345724;18.6670964956284
Przybyłów 01;53.028643;18.672823
Rubinkowo P&R 01;53.0265983205155;18.6803761124611
Kolankowskiego 01;53.029373;18.693768
Kusocińskiego 01;53.031124;18.70206
Słupska 01;53.0321231734953;18.7070882320404
Odległa 01;53.035566;18.722775
Lubicz Dolny - Lipowa 01;53.031859;18.73882
Lubicz Dolny - Kolejowa 03;53.031455;18.744744
Lubicz Dolny - Urząd Gminy 04;53.030467;18.752563
Lubicz Dolny - DK10 05;53.0308263080717;18.7595307826996
Lubicz Górny - Bankowa 07;53.0255644002378;18.77044117097
Lubicz Górny - Osiedle 09;53.0239687258649;18.7653136253357
Mazowiecka - Pętla 01;53.0453984769705;18.625869601965
Mazowiecka 02;53.0426805294979;18.6261177062988
Fort IV 02;53.0395132715787;18.6325281858444
Kociewska 02;53.0423580087828;18.6366319656372
Kanałowa 02;53.036777;18.636499
Dębowa Góra 03;53.0345917877707;18.6296086013317
Towarowa 02;53.0328893380999;18.626874089241
Zaułek Dworcowy 02;53.02887;18.62372
Młyn Wiedzy 01;53.0251520632951;18.6278101801872
Ślaskiego 04;53.0233895482014;18.6760041117668
Wyszyńskiego 03;53.0228394028855;18.6834874749184
Ligi Polskiej 03;53.022751;18.690547
Kosynierów Kościuszkowskich 03;53.024119;18.69593
Olimpijska P&R 01;53.0263333517529;18.7021241337061
Heweliusza 01;53.0546443427309;18.5978499054909
Strobanda 03;53.0538688916189;18.6031472682953
Grasera 03;53.0510652211683;18.6039733886719
Hubego 03;53.0470899519479;18.6036756634712
Freytaga 03;53.0440383152456;18.6014440655708
Wiśniowieckiego 05;53.0415460521988;18.5995195806026
Elektryczna 05;53.0392520107917;18.5996925830841
Koniuchy 07;53.0336716184409;18.5999621450901
Długa 01;53.0317263755288;18.5959079861641
Żwirki i Wigury 05;53.0285514570797;18.5908473283052
Wybickiego 05;53.0253545260927;18.5915748775005
Bema 03;53.0216180874756;18.5958757996559
Targowisko 03;53.0181725655156;18.5999165475369
Aleja Solidarności 01;53.0134196977326;18.6030252277851
Ogród Zoobotaniczny 02;53.009469199115;18.5910773277283
Konopnickiej 02;53.0099581897544;18.5850155353546
Mickiewicza 01;53.011245999979;18.5802036523819
Zajezdnia Tramwajowa 03;53.0131631199552;18.5802492499352
Reja 03;53.0137069339377;18.5706925392151
Osiedle Zieleniec 01;53.0136698192547;18.5661140084267
Plac Skalskiego 01;53.0138255393411;18.5612605512142
Szosa Bydgoska 01;53.0150188367916;18.55608522892
Motoarena 00;53.0152213471473;18.5492630302906
Barbarka 01;53.0542;18.541617
Przysiecka 02;53.058713;18.546752
Osiedle Leśne - Polana 02;53.057907;18.560415
Wrzosy I 02;53.049764;18.573644
Zagonowa 02;53.046845;18.576643
Lniana 01;53.0476534934545;18.585986495018
Chabrowa 01;53.044705904431;18.5887344181538
Lisia 02;53.0418258443275;18.5803323984146
Św. Antoniego 02;53.039353;18.582222
Bartkiewiczówny 02;53.032777;18.587348
Żwirki i Wigury 03;53.0288486745269;18.5903638601303
Lelewela 01;53.024137;18.601512
Dekerta 01;53.020893;18.601907
Legionów 01;53.017537;18.603698
Dworzec Autobusowy 09;53.0153633458736;18.6057657748461
Dworzec Wschodni 01;53.0239219402142;18.6345505714417
Plac Daszyńskiego II 01;53.02207;18.645982
Plac Daszyńskiego 03;53.0213179967599;18.649930357933
Rydygiera 01;53.022866;18.660015
Jamontta 01;53.024716;18.670234
Ligi Polskiej 05;53.0236702648089;18.6890396475792
Witosa 01;53.025815;18.687974
Kolankowskiego 01;53.0285752506821;18.6920115351677
Dworzec Główny 03;53.001094;18.614714
Targowisko 02;53.0182798640754;18.5999675095081
Dębowa Góra 02;53.035887733534;18.6289930343628
Batorego 02;53.037237;18.62125
Polna 03;53.037419;18.612498
Wielki Rów 01;53.0333974186996;18.6114406585693
Kozacka 01;53.030587;18.610488
Sczanieckiego 01;53.026755;18.610926
Kościuszki 01;53.024514;18.611238
Sąd Rejonowy 01;53.0194625508221;18.6131304502487
Plac Armii Krajowej 03;52.998456;18.605284
Park Tysiąclecia 01;52.998457;18.61037
Dworzec Główny 05;53.000184;18.617336
Strzałowa 01;52.998611;18.622056
Brązowa 01;52.992548851444;18.6159564965188
Okólna 04;52.9865498213574;18.6165744066238
Lilii Wodnych 02;52.9868259335757;18.6220219731331
Łączna 00;52.9869115118581;18.6296769976616
Szosa Okrężna 03;53.0195851740596;18.5657800734043
Aula UMK 04;53.0179636149227;18.5696055740118
Akademiki 04;53.0175215076301;18.5742484778166
Od Nowa 04;53.0182060459219;18.5786506533623
Fałata 04;53.016481;18.580257
Sztuki Piękne 01;53.013829;18.581098
Kraszewskiego 03;53.0141071250136;18.5919517278671
Osiedle Młodych 03;53.0138328008859;18.5972195863724
Wały Gen. Sikorskiego 01;53.012537;18.602588
Plac Św. Katarzyny 01;53.0130993786984;18.6115814745426
Dworzec Miasto 01;53.0110321745007;18.6195610463619
Gołębia 01;53.015484;18.631452
Targowa 03;53.018349;18.639361
Plac Daszyńskiego 01;53.0215358047452;18.649195432663
Rydygiera 03;53.023143;18.659682
Przy Skarpie 01;53.024181;18.666531
Odrodzenia 03;53.015121;18.600966
Sztuki Piękne 03;53.013942;18.578943
Reja 01;53.0154726684384;18.5715615749359
Rubinkowo P&R 09;53.0273807149732;18.679183870554
Manhattan 02;53.02767;18.6648
Rubinkowo Centrum 02;53.0288841630405;18.6597928404808
Mocarskiego 01;53.027063;18.655916
Rydygiera 04;53.024315;18.657367
Leszczynowa 01;53.022646;18.654934
Plac Daszyńskiego 02;53.022624;18.64472
Galeria Copernicus 02;53.023266;18.640103
Dworzec Wschodni 02;53.024047;18.63536
Garbaty Mostek 01;53.019305;18.622073
Przy Kaszowniku 02;53.0172617271445;18.6150696873665
Lotnisko 01;53.027269;18.565709
Bluszczowa 01;53.0310537462458;18.5661515593529
Orzechowa 01;53.034619;18.576435
Przy Lesie 01;53.034994;18.583471
Dworzec Miasto 03;53.0108659547178;18.6192713677883
Gołębia 03;53.015382;18.631453
Targowa 01;53.0170681009206;18.6369431018829
Szubińska 01;52.976213;18.556124
Bliska 02;52.976292;18.560699
Gniewkowska 02;52.976457;18.566426
Stepowa 02;52.978885;18.571407
Kręta 02;52.981613;18.574313
Polmozbyt 02;52.984922;18.577807
Kluczyki Cmentarz 02;52.987614;18.580662
Kluczyki 02;52.989283;18.582635
Poznańska - Komisariat 02;52.992019;18.586325
Parkowa 02;52.993343;18.590953
Drzymały 01;52.9911643774393;18.594985306263
Letnia 02;52.9909238126938;18.6045581102371
63. Pułku Piechoty 02;52.995248;18.607443
Biała 02;52.995314;18.613572
Andersa 02;52.990613;18.617055
Dandelskiego 02;52.991221;18.626243
Łódzka 01;53.0014621980887;18.622550368309
Podgórska 01;53.002541;18.627094
Rudacka 01;53.0032473989268;18.6314928531647
Szkoła 01;53.005976;18.642575
Skrzetuskiego 01;53.005111;18.650276
Działki Rudak 01;53.005342;18.657673
Otłoczyńska 01;53.003625;18.658166
Rypińska 02;53.000611;18.656159
Port Drzewny 01;53.0198308183857;18.5109107268803
Starotoruńska 02;53.018941;18.52151
Centrum Handlowe - Zachód 02;53.016337;18.536763
Oczyszczalnia 02;53.015914;18.541204
Szosa Bydgoska 04;53.014787;18.556483
Plac Skalskiego 03;53.014685;18.560551
Łukasiewicza 02;53.017647;18.561104
Akademiki 02;53.0173456315718;18.5752522945404
Od Nowa 05;53.017837;18.580203
Fałata 01;53.0151108137243;18.581303358078
Stawki 01;52.9934843861081;18.6296367645264
Dandelskiego 01;52.9912305728725;18.6243259906769
Kniaziewicza 03;52.9946629092327;18.6169955134392
Biała 01;52.995464;18.610783
63. Pułku Piechoty 01;52.995326;18.607194
Letnia 01;52.990189;18.603104
Drzymały 04;52.990414;18.594723
Paderewskiego 01;52.990406;18.59024
Kluczyki 01;52.989952;18.583147
Kluczyki Cmentarz 01;52.986998268945;18.5797569367974
Polmozbyt 01;52.98475;18.577349
Kręta 01;52.981208;18.573612
Stepowa 01;52.978473;18.570722
Gniewkowska 01;52.976623;18.567407
Bliska 01;52.976455;18.562302
Szubińska 00;52.976405;18.555447
Przy Skarpie 01;53.023547;18.667369
Wianki 01;53.018611;18.674787
Turystyczna 01;53.015952;18.680192
Wieżowa 01;53.014148;18.683161
Księżycowa 01;53.011443;18.688791
Dożynkowa 01;53.007851;18.695215
Dyngusowa 01;53.008447223067;18.7035966664553
Fantazyjna 01;53.00836;18.707743
Skierki 01;53.005555;18.705028
Wodna 01;53.002601;18.70146
Złotoria - Pomorska 43;52.9982870699018;18.7009057402611
Złotoria - Pomorska 45;52.9967357403645;18.7045240402222
Złotoria - Toruńska 47;52.9942528514104;18.7097597122192
Złotoria - Lipowa 49;52.9916616479677;18.7167656421661
Złotoria 51;52.989276;18.72414
Złotoria - Akacjowa 53;52.988588;18.729105
Kopanino - Przy Dębie 55;52.985702;18.739515
Kopanino 56;52.984400606858;18.744124174118
Osiedle Leśne - Polana 01;53.059093;18.560633
Czeremchowa 02;53.050219;18.583459
Słoneczna 02;53.048215;18.591379
Bema 01;53.0208763271917;18.5965242236853
Targowisko 01;53.0180914863516;18.6002095788717
Plac Armii Krajowej 01;52.998745;18.606552
Dworzec Główny 00;53.000632;18.614442
Poznańska 02;52.9717082116508;18.556259572506
Poznańska - Osiedle 02;52.9697844046286;18.5565841197968
Poznańska 02;52.968427511909;18.561125099659
Baza Transportu 02;52.9705145245127;18.5649794340134
Osiedle Leśny Zakątek 02;52.974611;18.567651
Gniewkowska 04;52.97687;18.569279
Hallera 02;52.995107;18.600567
Stawki Południowe 01;52.991969;18.633775
Zimowa 01;52.991844;18.642843
Ceramika 01;52.9916987815761;18.6482566595078
Plac Daszyńskiego 05;53.0226474150389;18.6468994617462
Barwna 01;53.035507;18.692219
Szczecińska 01;53.038638;18.695404
Suwalska 01;53.041693;18.698253
Cegielnia 01;53.045936;18.701184
Bajeczna 01;53.0493271441054;18.7050068378448
Nad Strugą 00;53.0507809191759;18.712692496711
Bielawy 01;53.03268;18.690571
Donimirskiego 02;53.0294965297306;18.6533682166417
Wschodnia 03;53.0288744843579;18.6437237262726
Dworzec Wschodni 03;53.025218;18.633499
Świętopełka 02;53.0239509795896;18.6188596487045
Wybickiego 02;53.025579;18.5918
Żwirki i Wigury 01;53.028329;18.590199
Szpital Bielany 01;53.0278049765488;18.5847714543343
Św. Józefa 01;53.022488;18.583799
Łukasiewicza 01;53.016907;18.560114
Motoarena 01;53.0155150258152;18.5482531785965
Szosa Bydgoska 02;53.0149784959698;18.5560999810696
Plac Skalskiego 02;53.0137843905646;18.5612766444683
Osiedle Zieleniec 02;53.0136391592751;18.5661461949348
Reja 04;53.013670626096;18.5706925392151
Odrodzenia 01;53.0150688593583;18.6015366017818
Dworzec Autobusowy 02;53.0159192341197;18.6049953103065
Przy Kaszowniku 02;53.0179732960536;18.6125618219376
Sąd Rejonowy 02;53.0216229276314;18.6130875349045
Świętopełka 03;53.0236250921448;18.6179825663567
Szpital Miejski 01;53.0243833413105;18.6232048273087
Dworzec Wschodni 06;53.0249996106012;18.634067773819
Wschodnia 01;53.0296213496501;18.6420446634293
Tofama 01;53.034585;18.652202
Przychodnia 01;53.0363885210587;18.6576953530312
Elana A 01;53.0370586479227;18.6625635623932
Elana B 02;53.0367167313055;18.6663025617599
Lisia 03;53.042513;18.580987
Liliowa 02;53.0435061715332;18.5888323187828
Wiśniowieckiego 02;53.04027;18.598541
Traktorowa 02;53.039842;18.606478
Rolnicza 01;53.039281;18.610104
Grzybowa 01;53.002468;18.637796
Rudak 00;53.0011361407768;18.6426749825478
Wyszyńskiego 06;53.0235912126157;18.6829054355621
Rubinkowo P&R 02;53.026891;18.679424
Jamontta 02;53.025707;18.672528
Przy Skarpie 04;53.024604;18.666122
Forteczna 01;53.055335;18.617033
Katarzynka PKP 01;53.052217;18.614626
Rybińskiego 01;53.052849;18.609025
Strobanda 01;53.051767;18.603498
Grasera 01;53.050133;18.603983
Hubego 01;53.04622;18.60274
Freytaga 01;53.043563;18.600841
Koniuchy 01;53.0337159741175;18.5993948578835
Osiedle Tysiąclecia 01;53.029531;18.601236
Hallera 01;52.995262;18.600386
Środkowa 01;52.9936119264639;18.5953916609287
Gniewkowska 03;52.975993;18.568209
Osiedle Leśny Zakątek 01;52.974105;18.567199
Baza Transportu 01;52.9708456588904;18.5652074217796
Poznańska 01;52.969284;18.562627
Poznańska - Osiedle 01;52.969588950089;18.5570159554482
Poznańska 00;52.9713023975408;18.5559933638587
Dworzec Autobusowy 04;53.015366;18.605613
Legionów 02;53.0169261078041;18.6038634181023
Dekerta 02;53.019779;18.602471
Lelewela 02;53.023319;18.60182
Lecha 01;53.028603;18.600695
Żwirki i Wigury 02;53.0288825499269;18.5910250246525
Bartkiewiczówny 01;53.0327232025099;18.5880839824677
Bractwa Kurkowego 01;53.035355;18.585806
Św. Antoniego 01;53.040285;18.581994
Chabrowa 02;53.044877;18.58889
Lniana 02;53.047802;18.586156
Zagonowa 01;53.047776036555;18.5763493180275
Owsiana 01;53.049384;18.574742
Wrzosy I 00;53.050156;18.572602
Szosa Bydgoska 03;53.0151834269538;18.5561549663544
Oczyszczalnia 01;53.016245;18.541006
Centrum Handlowe - Zachód 01;53.016877;18.534557
Starotoruńska 01;53.01913;18.519987
Port Drzewny 00;53.0200571044592;18.5105506403191
Kosynierów Kościuszkowskich 04;53.024061;18.694134
Młyn Wiedzy 02;53.0251964277344;18.6279174685478
Zaułek Dworcowy 01;53.029795;18.62301
Towarowa 01;53.03274;18.626151
Orzechowa 02;53.0349361405691;18.5756707191467
Bluszczowa 02;53.030312;18.56561
Lotnisko 02;53.026437;18.565304
Uniwersytet 03;53.0236283187652;18.5649365186691
Rydygiera 05;53.023781;18.658275
Rubinkowo P&R 00;53.027585183763;18.6788640171289
Lotników 01;53.028695;18.608163
Świętopełka 01;53.0235637863107;18.6186718940735
Wschodnia - Pętla 01;53.0289083597375;18.6438095569611
Wschodnia 02;53.0295907010049;18.6418998241425
Dworzec Wschodni 05;53.0249350801981;18.633898794651
Szpital Miejski 02;53.024222012817;18.6218878626823
Świętopełka 04;53.0237218906527;18.6184224486351
Sąd Rejonowy 01;53.0216229276314;18.6130258440971
Przy Kaszowniku 01;53.0179926583089;18.6124411225319
Dworzec Autobusowy 01;53.0165638618847;18.6066287755966
Fałata 03;53.015839;18.580401
Od Nowa 03;53.0182237945605;18.5785903036594
Akademiki 03;53.0175570054632;18.5741686820984
Aula UMK 03;53.0180116171755;18.5695995390415
Szosa Okrężna 04;53.019637208157;18.5657431930304
Uniwersytet 00;53.022352;18.566002
Plac Daszyńskiego 06;53.0210017698758;18.6479884386063
Rypińska 01;52.999675;18.654983
Lipnowska 01;52.991824;18.652932
Włocławska 02;52.987765;18.665154
Solankowa 01;52.981609;18.670713
Matysiaków 01;52.9759060457019;18.6776429414749
Zdrojowa 01;52.9779474767188;18.6838281154633
Gardzielewskiego 01;52.9816004930874;18.6853891611099
Czerniewice 00;52.9837321552583;18.6839893700964
Elana A 02;53.0370909040674;18.6625662446022
Przychodnia 02;53.0364163424173;18.6576410382986
Tofama 02;53.034972;18.653099
Odrodzenia 02;53.0151003251366;18.601465523243
Osiedle Młodych 02;53.0138683017536;18.5971793532372
Kraszewskiego 04;53.0142200815006;18.5909003019333
Sztuki Piękne 02;53.0138715291037;18.5810860991478
Koniuchy 05;53.0326296501484;18.6008781194687
Strzałowa 03;52.998577;18.620984
Starotoruńska 03;53.0199030247764;18.5203528404236
Przysiek 01;53.030988;18.500451
Rozgarty 03;53.037812;18.481378
Górsk - Parking 01;53.0473132732833;18.4596410393715
Górsk - Prosta 11;53.0383424238494;18.4551912546158
Górsk - Kościół 21;53.0290519265274;18.451079428196
Górsk - Prosta 12;53.038600464648;18.4553951025009
Górsk III 11;53.0485515973081;18.4588471055031
Górsk - Leśniczanka 13;53.0521325398751;18.4451812505722
Górsk - Ośrodek Zdrowia 15;53.0588679686319;18.4248125553131
Zarośle Cienkie - Skrzyżowanie 17;53.0710561272799;18.3926475048065
Pędzewo I 19;53.0835952734836;18.3614534139633
Pędzewo II 21;53.0889275736204;18.3433485031128
Zławieś Wielka 23;53.0945475216595;18.3299133181572
Zławieś Wielka - Urząd Gminy 25;53.0961355998111;18.3310264348984
Gałczyńskiego 02;53.0161951585722;18.5873007774353
Arena Toruń 02;53.018442;18.591941
Obrowo 00;52.9715999896834;18.8781595230103
Zębówiec 55;52.969193192323;18.9046543836594
Bartoszewo 53;52.9753019961992;18.9108610153198
Kazimierzewo 51;52.9841842262205;18.9138543605804
Zębowo I 49;52.9912111986098;18.9166653156281
Zębowo II 47;52.9952699168135;18.9205008745193
Zębowo - Szkoła 45;53.0064237762873;18.9227700233459
Zębowo III 43;53.0040156904897;18.9055502414703
Łążyn I 41;53.0002386633797;18.8908624649048
Łążyn II 39;53.0014912525811;18.8641583919525
Dobrzejewice - Cmentarz 37;53.0037961800098;18.8485157489777
Dobrzejewice 35;53.0083733880923;18.8347882032394
Głogowo 01;53.013663;18.821285
Brzozówka 57;53.0208242945887;18.8005042076111
Lubicz Górny - DK10 12;53.026713;18.77174
Lubicz Dolny - DK10 06;53.031229;18.757696
Płocka 02;53.03421;18.716088
Słupska 02;53.032055;18.704898
Kusocińskiego 03;53.029827;18.701376
Gronowo 01;53.102805;18.790478
Brzeźno 02;53.08839;18.772686
Rogówko 02;53.07056;18.756067
Rogówko - Ogrodnik 02;53.065409;18.741564
Grębocin Ośrodek Zdrowia 02;53.061147;18.727723
Grębocin 03;53.058481;18.716053
Kolonia Papowska 01;53.0668151618126;18.6922764033079
Grębocin 02;53.057149;18.716862
Kresowa 02;53.053272;18.710147
Wapienna 02;53.0527536523778;18.6958826333284
Meprozet 02;53.0524227428076;18.7020885944366
Nad Rzeczką 02;53.051463;18.70499
Bajeczna 02;53.048949;18.704145
Cegielnia 02;53.046493;18.700978
Suwalska 02;53.040005;18.696256
Szczecińska 02;53.037553;18.693772
Barwna 02;53.034468;18.690584
Garbaty Mostek 03;53.019612;18.623607
Plac Św. Katarzyny 04;53.0136601371583;18.6138814687729
Kołowa 01;53.043872;18.685644
Na Zapleczu 01;53.040036;18.686725
Katarzynki 01;53.0374457200663;18.6876341700554
Chrzanowskiego 02;53.036457;18.685114
Bukowa 02;53.036168;18.674521
Niesiołowskiego 02;53.0303214232994;18.6774551868439
Dworzec Wschodni 08;53.025249261689;18.6333341896534
Reja 05;53.0131760295653;18.5714730620384
Przybyszewskiego 01;53.0098460290248;18.574191480875
Park Miejski 01;53.0098831469963;18.5795974731445
Konopnickiej 01;53.0099178442018;18.5850597918034
Ogród Zoobotaniczny 01;53.0094175562158;18.591126948595
Hallera 04;52.9951301286915;18.6022057341343
Lipnowska 02;52.993011;18.65212
Rudak 02;53.0012136199651;18.6426669359207
Grzybowa 02;53.002736;18.636869
Podgórska 02;53.0026340471079;18.6270108819008
Łódzka 02;53.0014573556713;18.6221989989281
Polna 02;53.038252109205;18.612280189991
Rolnicza 02;53.0399567662034;18.6071571707726
Traktorowa 01;53.039857;18.603603
Wiśniowieckiego 01;53.041298;18.597725
Ugory 01;53.04415764354;18.5928851366043
Lisia 01;53.0430756140855;18.5798898339272
Nad Rzeczką 01;53.051685;18.70472
Meprozet 01;53.052471;18.702461
Drwęca 02;53.001748;18.70096
Wodna 02;53.0032215737628;18.7024855613709
Skierki 02;53.005578;18.705241
Fantazyjna 02;53.008292;18.708034
Dyngusowa 02;53.008657;18.704245
Balladyny 02;53.008159;18.697228
Dożynkowa 02;53.008234;18.693562
Księżycowa 02;53.012045;18.688134
Wieżowa 02;53.014478;18.682565
Turystyczna 02;53.016483;18.680746
Wianki 02;53.0187074421524;18.6754810810089
Kopanino - Przy Dębie 54;52.9858635698958;18.7393391132355
Złotoria - Akacjowa 52;52.988756;18.728826
Złotoria 50;52.989507;18.72357
Złotoria - Lipowa 48;52.991728;18.716834
Złotoria - Toruńska 46;52.995261;18.708535
Złotoria - Pomorska 44;52.998216;18.701301
Żwirki i Wigury 01;53.028213;18.588999
Wybickiego 03;53.024768;18.593476
Popiela 02;53.026259;18.602842
Bielawy 00;53.032989;18.691247
Nad Strugą 01;53.0510684457359;18.7123560905457
Lubicz Górny - Osiedle 98;53.0237057575832;18.7661960721016
Lubicz Górny - Bankowa 08;53.024571;18.770125
Lubicz Dolny - Lipowa 02;53.031936065966;18.7395107746124
Odległa 02;53.0356538694127;18.7206012010574
Kusocińskiego 02;53.0306440340593;18.6984971165657
Kolankowskiego 02;53.029781;18.694116
Kresowa 01;53.052726;18.709867
Grębocin - Toruńska 01;53.054336;18.712019
Grębocin 01;53.058251;18.719534
Grębocin Ośrodek Zdrowia 01;53.061268;18.728774
Rogówko - Ogrodnik 01;53.065519;18.742374
Rogówko 01;53.07074;18.757094
Brzeźno 01;53.087895;18.772619
Kąkol 19;52.9931372807005;18.4560951590538
Kąkol - Wiadukt 21;52.9940655796137;18.4474718570709
Jarki 23;52.9893593018908;18.4452080726624
Cierpice II 25;52.9878964572436;18.4525814652443
Cierpice - Nadleśnictwo 27;52.9864803893523;18.4650564193726
Cierpice - Andrewex 29;52.9859588383974;18.4721750020981
Cierpice - Pętla 31;52.9838741864033;18.4863102436066
Cierpiszewo 33;52.9796819712747;18.4998339414597
Cierpiszewo - Leśna 35;52.9824866502205;18.4986101835966
Cierpice - Szkoła 37;52.9864626276587;18.4866508841515
Cierpice - Ogrodowa 39;52.9877866611654;18.4830540418625
Cierpice - Ogrodowa II 41;52.9945951046646;18.4802001714706
Wielka Nieszawka - Wiślana 12;53.0006712627274;18.4811925888062
Wielka Nieszawka - RSP 10;52.9981724574515;18.4949362277985
Wielka Nieszawka - Urząd Gminy 08;52.9977462901789;18.5066628456116
Mała Nieszawka - Kościół 06;52.992651328443;18.5240060091019
Mała Nieszawka - Stadion 04;52.9898517494832;18.5349065065384
Mała Nieszawka - Szkoła 02;52.9898646660658;18.5492885112762
Zagrodowa 02;52.9913661924674;18.5687747597694
Kluczyki 02;52.9934230374483;18.5776287317276
Wiślana 02;52.9961513541202;18.5891354084015
Plac Armii Krajowej 06;52.9985953920256;18.6038044095039
Plac Św. Katarzyny 06;53.0143620835218;18.6131706833839
Targowisko 04;53.0182492073713;18.5998374223709
Bema 04;53.020975955334;18.5967206954956
Wybickiego 06;53.0244494858184;18.5921435058117
Żwirki i Wigury 04;53.0285841228695;18.5908895730972
Długa 02;53.0315199101022;18.5953822731972
Koniuchy 06;53.0337240387811;18.5999728739262
Elektryczna 04;53.0393036179862;18.599853515625
Wiśniowieckiego 04;53.0413227009828;18.5992822051048
Freytaga 04;53.0440818539859;18.6015258729458
Hubego 04;53.0464240121431;18.6032585799694
Grasera 04;53.0504203027936;18.6042255163193
Strobanda 04;53.0540155996563;18.6031579971313
Heweliusza 02;53.0549764443446;18.5975387692451
Koniuchy 02;53.0334022575336;18.6018289625645
Lotników 01;53.028839802394;18.6092868447304
Przychodnia 01;53.0368554336563;18.6566680669785
Płaska 50;53.0433739408645;18.6672896146774
Inżynierów Elany 51;53.0397035716492;18.6744430661201
Krobia - Kalinowa 13;53.0296681291192;18.7734997272491
Krobia - Osiedlowa 15;53.033378;18.778143
Krobia - Poligraficzna 17;53.037142;18.782816
Krobia 02;53.0364663401761;18.7857922911644
Mierzynek - Leśna 21;53.0388843077428;18.8022208213806
Mierzynek 23;53.0407824604052;18.8138374686241
Młyniec II - Topolowa 31;53.0595917469344;18.8157552480698
Młyniec II 31;53.0651784548734;18.817238509655
Młyniec I - Polna 03;53.0704759704564;18.8120269775391
Brzezinko 21;53.0777612060037;18.786795437336
Rogówko - Lubicka 10;53.0666145053704;18.7675975263119
Jedwabno 37;53.0512457965838;18.7688300013542
Jedwabno - Widokowa 39;53.0439157615183;18.7659573554993
Lubicz Dolny - Tęczowa 41;53.0339821072195;18.7625375390053
Osiedle Leśne - Polana 03;53.057696;18.560858
Przysiecka 01;53.058829;18.546761
Rubinkowo P&R 10;53.027376278756;18.6795848608017
Olimpijska P&R 03;53.027388;18.703394
Lubicz Dolny - Tęczowa 40;53.0339216225678;18.7625281512737
Jedwabno - Widokowa 38;53.0438480343091;18.7660270929337
Rogówko - Lubicka 11;53.0666410984466;18.7676109373569
Brzezinko 20;53.0775001770506;18.7880118191242
Młyniec I - Polna 05;53.0704147312246;18.812010884285
Młyniec II 32;53.0653799238798;18.8171848654747
Młyniec II - Topolowa 30;53.0595627315571;18.8156479597092
Mierzynek 24;53.0407808477367;18.8136550784111
Mierzynek - Leśna 22;53.0391987908077;18.8052302598953
Krobia 20;53.0365425463259;18.7862858176231
Krobia - Poligraficzna 18;53.0370344557984;18.7825655937195
Krobia - Osiedlowa 16;53.03351;18.778142
Krobia - Kalinowa 14;53.0301939913843;18.7739503383636
Bema 02;53.021896;18.595931
Cierpice - Skrzyżowanie 15;52.9912951536851;18.4749215841293
Cierpice - Stacja Paliw 17;52.9942560802273;18.4675870835781
Lubicz Górny - Rzemieślnicza 01;53.0229926698809;18.7787434458733
Nowa Wieś I 04;53.0145121533318;18.753308057785
Nowa Wieś - Widokowa 02;53.0082700996097;18.7491345405579
Nowa Wieś - Orla 03;53.0025501140759;18.7415492534637
Nowa Wieś II 03;52.9986954751736;18.7394893169403
Drwęca 03;53.002533;18.699675
Kogucia 02;53.0045192691377;18.697657585144
Księżycowa 03;53.01252;18.689177
Sczanieckiego 04;53.027368;18.612217
Urząd Celny 02;53.03051;18.623817
Chrobrego 02;53.03159;18.631316
Tofama 03;53.0349361405691;18.6537230014801
Przychodnia 03;53.036295783067;18.6579769849777
Elana B 03;53.0369360743528;18.6677241325378
Plac Armii Krajowej 02;52.998933;18.606742
Lniana 03;53.048061;18.588403
Słoneczna 01;53.0488498861894;18.5915172100067
Czeremchowa 01;53.0505460626342;18.5854339599609
Brzoskwiniowa 01;53.049549;18.578442
Osiedle Leśne - Polana 00;53.0591686040802;18.5613772273064
Gliniecka 00;53.0036944946298;18.6675162613392
Rydygiera 09;53.023425;18.659512
Plac Daszyńskiego 04;53.02146;18.646341
Targowa 02;53.0171778225542;18.6365246772766
Gołębia 04;53.015611;18.631367
Dworzec Miasto 04;53.0111579957534;18.6192821336731
Plac Św. Katarzyny 02;53.0128468333;18.6125081777573
Lubicz Górny - Osiedle 10;53.0236682677714;18.7662068843114
Krobia 00;53.036482468473;18.7862791121006
Rubinkowo P&R 01;53.0272823115021;18.6792777478695
Lubicz Górny - DK10 11;53.025443;18.775086
Brzozówka 58;53.020183;18.801782
Głogowo 02;53.013958;18.82006
Dobrzejewice 36;53.0079368311799;18.8353085517883
Dobrzejewice - Staw 32;53.000302;18.833428
Zawały I 30;52.9960803232089;18.8430574536324
Kawęczyn 28;52.984841;18.865215
Wielki Rów 03;53.034294;18.611009
Koniuchy 03;53.032773;18.599073
Rypińska 03;53.000292;18.65499
Kmicica 02;53.005308;18.65619
Skrzetuskiego 02;53.005397;18.648946
Szkoła 02;53.006041;18.641503
Rudacka 02;53.0033200321178;18.6312836408615
Drzymały 02;52.991122399795;18.595165014267
Parkowa 01;52.993933;18.593035
Poznańska - Komisariat 01;52.991929;18.5858
Barwna 03;53.035394;18.690523
Tofama 04;53.034456;18.651168
Glinki 01;52.964902;18.554652
Paderewskiego 02;52.990301;18.590212
Środkowa 02;52.9936514800421;18.5954613983631
Osiedle Tysiąclecia 02;53.029613;18.601501
Drzymały 03;52.990312;18.594325
Wiśniowieckiego 03;53.041148;18.599353
Freytaga 02;53.044057;18.601354
Hubego 02;53.0472133028646;18.6036756634712
Grasera 02;53.0510362000488;18.6038929224014
Strobanda 02;53.0524396712517;18.6044977605343
Katarzynka PKP 04;53.052471;18.616239
Forteczna 00;53.055582603797;18.6171591281891
Ligi Polskiej 06;53.021948;18.689185
Dożynkowa 03;53.007106;18.694828
Kogucia 01;53.004271;18.6977
Drwęca 01;53.0022127662052;18.6997953057289
Złotoria I 58;52.986972;18.703776
Złotoria II 60;52.9817232239068;18.7068843841553
Grabowiec I 62;52.978317;18.709887
Grabowiec II 64;52.970841;18.718443
Grabowiec - Wieś 66;52.9660948491591;18.7218350172043
Silno I 02;52.951637;18.72642
Silno II 04;52.947017;18.729015
Silno III 06;52.941201;18.733745
Silno IV 08;52.932957;18.748789
Dzikowo 10;52.930663;18.768522
Dzikowo Skrzyżowanie 12;52.931708;18.784793
Osiek 14;52.927688;18.803183
Osiek - Szkoła 16;52.9263369134652;18.8084112447584
Osiek - Siciny II 18;52.933253;18.816222
Osiek - Jesionek 01;52.9362211208332;18.8285493850708
Osiek - Siciny I 20;52.9404547293382;18.8328757882118
Sąsieczno 22;52.9514061983742;18.844438791275
Kolonia Obrowska 24;52.955553;18.848774
Obrowo - Osiedle 26;52.963125;18.863222
Rozgarty - Kwiatowa 05;53.040706;18.479291
Rozgarty - Stara Szkoła 06;53.043875;18.489532
Kociewska 01;53.042001;18.636349
Fabryczna 01;53.029881;18.630437
Chrobrego 04;53.0327828823586;18.630114197731
Gliniecka 02;53.003846;18.667205
Działki Rudak 02;53.005518;18.659779
Niesiołowskiego 01;53.0306359688197;18.674421608448
Bukowa 01;53.036883;18.675832
Katarzynki 03;53.037769;18.68848
Na Zapleczu 01;53.040245;18.691108
Osiedle Pancernych 01;53.043525;18.691342
Motoarena 02;53.0156731596547;18.5487453639507
Kusocińskiego 04;53.0317073248897;18.7004352305997
Obrowo - Osiedle 25;52.963123;18.863043
Kolonia Obrowska 23;52.95513;18.848132
Sąsieczno 21;52.9507727178671;18.8433766365051
Osiek - Siciny I 19;52.940056;18.832784
Osiek - Jesionek 02;52.9360917944664;18.8280665874481
Osiek - Siciny II 17;52.93314;18.815538
Osiek - Szkoła 15;52.9263168359386;18.8081082701683
Osiek 13;52.928249;18.80187
Dzikowo Skrzyżowanie 11;52.9318529088771;18.7852504849434
Dzikowo 09;52.9308424343686;18.7678322196007
Silno IV 07;52.933244;18.748208
Silno III 05;52.9409073242959;18.7342777848244
Silno II 03;52.9472690152609;18.7288865447044
Silno I 01;52.9529252209745;18.7258958816528
Grabowiec - Wieś 65;52.9661416975028;18.7218269705772
Grabowiec II 63;52.971511;18.71783
Grabowiec I 61;52.977755;18.710607
Złotoria II 59;52.981732;18.707
Złotoria I 57;52.9873297127243;18.7037354707718
Cierpice - Stacja Paliw 16;52.9942447793669;18.4676809608936
Cierpice - Skrzyżowanie 14;52.9915922241793;18.4757423400879
Przy Skarpie 02;53.0242284659683;18.666484951973
Rydygiera 02;53.0231854628545;18.6596801877022
Plac Daszyńskiego 02;53.0215640390331;18.6491511762142
Targowa 04;53.0180434841877;18.6386181414127
Gołębia 02;53.0153342710698;18.6309478387465
Dworzec Miasto 02;53.0110491191999;18.6194658279419
Wały Gen. Sikorskiego 02;53.012968;18.604114
Osiedle Młodych 05;53.0133115802388;18.5980202257633
Fort V 04;53.0420967652347;18.6096274852753
Forteczna 02;53.048427;18.616452
Lisia 04;53.0424725039129;18.5787552595139
Krucza 01;53.0425095938194;18.5761079192162
Wrzosowa 01;53.042063;18.572211
Jastrzębia 01;53.0406147425503;18.573911190033
Myśliwska 01;53.040638;18.580161
Gminna 01;53.0403196220484;18.7168139219284
Przelot 02;53.0378843976284;18.7251824140549
Poznańska - Osiedle 03;52.967731;18.5592
Nowa Wieś II 01;52.9989085546515;18.7399184703827
Nowa Wieś - Orla 01;53.0045128130384;18.7437164783478
Nowa Wieś - Sokola 01;53.0098774986114;18.750776052475
Nowa Wieś I 03;53.0149187914843;18.7537050247192
Katarzynka PKP 03;53.0513844521928;18.6155927181244
Forteczna 01;53.047813;18.616118
Fort V 02;53.041849;18.608501
Elektryczna 02;53.0393136549451;18.5990259470236
Drwęca 00;53.001609084489;18.7010210752487
Chrzanowskiego 01;53.035727;18.686592
Rozgarty - Leśna 07;53.046154;18.493574
Rozgarty - Wróblowa 08;53.0416258778039;18.4991928935051
Przysiek - Błotka 09;53.0367151184848;18.5048148036003
Przysiek - Szkoła 10;53.032194;18.502405
Przysiek 02;53.030476;18.501315
Polna 04;53.038582;18.613513
Chrobrego 03;53.031215;18.629962
Fabryczna 02;53.028969;18.630325
Brzozówka 61;53.0214277075862;18.8031515479088
Brzozówka - Sklep 62;53.0241816805993;18.8093045353889
Brzozówka - Wieś 64;53.026462;18.816617
Brzozówka - Olszynowa 66;53.028417970694;18.8228014111519
Szembekowo - Osiedlowa 68;53.0317554096502;18.8358020782471
Szembekowo - Sklep 71;53.0391665362399;18.8412925601006
Szembekowo - OSP 72;53.043611;18.843014
Szembekowo - Skrzyżowanie 74;53.050421;18.844947
Szembekowo 77;53.0501139631848;18.8359844684601
Krobia - Radosna 25;53.0399519281048;18.7863716483116
Młyniec II - Nad Doliną 27;53.0501913544494;18.7948930263519
Młyniec II - Dolina Drwęcy 29;53.0571559991767;18.8044792413712
Młyniec I 33;53.0675041557332;18.8063192367554
Młyniec I - Żwirownia 35;53.0578129069873;18.7900301814079
Pilska 03;53.037532;18.696135
Ostrołęcka 02;53.035682;18.701053
Krynicka 02;53.036294;18.705079
Chełmska 03;53.040121;18.698745
Ceramiczna 01;53.046755;18.700541
EC Grębocin 01;53.0457096875497;18.6968502402306
Zławieś Wielka - Urząd Gminy 26;53.0965511318833;18.331503868103
Zławieś Wielka 24;53.094128748892;18.3303505182266
Pędzewo II 22;53.0882767784246;18.3460414409637
Pędzewo I 20;53.0833890564647;18.361930847168
Zarośle Cienkie - Skrzyżowanie 18;53.0707241496097;18.3933180570602
Górsk - Ośrodek Zdrowia 16;53.0585649130809;18.4255260229111
Górsk - Leśniczanka 14;53.0518229879265;18.4470105171204
Górsk III 12;53.0476809044415;18.4604296088219
Rozgarty 04;53.0372876660274;18.4819060564041
Hutowo 01;53.041889;18.652048
Kawęczyn 27;52.9856116725063;18.8643836975098
Zawały I 29;52.996571;18.842542
Dobrzejewice - Staw 31;53.0004129949816;18.8333773612976
Elektryczna 01;53.0399909934778;18.6006781877649
Kopanino 90;52.9845249444951;18.7445023655891
Kopanino - Słoneczna 72;52.9812839751547;18.7510657310486
Obory 61;52.9767038949375;18.7700973451138
Barwna 04;53.034650219036;18.6923114459514
Katarzynka PKP 05;53.0511716317726;18.6173415184021
Papowo Toruńskie - Osieki 10;53.0709723273328;18.624524474144
Papowo Toruńskie - Daglezjowa 10;53.0695170830171;18.6456683278084
Papowo Toruńskie 11;53.0787811372958;18.6580091714859
Papowo Toruńskie - Wybudowanie 02;53.083347168512;18.6439490318298
Łysomice - Warszawska 23;53.0859828079696;18.6295080184937
Łysomice 22;53.084464;18.619518
Letnia 03;52.990141;18.604702
Gen. Orlicza-Dreszera 02;52.990314;18.609176
Hallera 03;52.9952049291047;18.6022426814873
Dobrzejewice - Cmentarz 38;53.0037187054563;18.8485962152481
Łążyn II 40;53.0014460566955;18.8643729686737
Łążyn I 42;53.0002096080443;18.8907873630524
Zębowo III 44;53.0041125329936;18.9059042930603
Zębowo - Szkoła 46;53.0065399807833;18.9227056503296
Zębowo II 48;52.99533933469;18.9204847812653
Zębowo I 50;52.9911934388615;18.9165607094765
Kazimierzewo 52;52.9842294401746;18.9138114452362
Bartoszewo 54;52.9754570471444;18.9107751846313
Zębówiec 56;52.9694500314492;18.9050607383251
Fort V 01;53.0411646611562;18.6089837551117
Papowo Toruńskie - Osieki 11;53.070654;18.617738
Łysomice 12;53.084834;18.619768
Łysomice - Warszawska 13;53.0860601348076;18.6282956600189
Papowo Toruńskie - Wybudowanie 01;53.0833342799029;18.643798828125
Papowo Toruńskie 14;53.0771182985086;18.6600315570831
Papowo Toruńskie - Staw 03;53.0737988739948;18.6639958620071
Kopanino - Słoneczna 71;52.9805637267275;18.7517362833023
Kopanino 91;52.9846008387211;18.7444648146629
Sztuki Piękne 09;53.0139731905103;18.5810646414757
Grębocin - Pętla 04;53.057688;18.718947
Przelot 01;53.0382569474943;18.7244126200676
Kamionki Jezioro 00;53.134097;18.767902
Kamionki Małe III 26;53.1305708737502;18.7413668632507
Kamionki Małe II 02;53.1220213800292;18.7372255325317
Turzno - Kasztanowa 02;53.1174819893111;18.7318933010101
Turzno - Pałac 15;53.1096818104422;18.7264886498451
Gostkowo III 02;53.1055098647189;18.7078982591629
Gostkowo - Kościół 24;53.1003664306327;18.6902976036072
Gostkowo I 02;53.0941206955296;18.6776053905487
Papowo Toruńskie - Sołectwo 02;53.086814064198;18.667927980423
Papowo Toruńskie - Kościół 01;53.079100162976;18.6585268378258
Papowo Toruńskie - Osieki 21;53.070661;18.617508
Przy Kaszowniku 08;53.0181023775914;18.611915409565
Papowo Toruńskie 15;53.0780464024953;18.6593717336655
Katarzynka PKP 06;53.0511780808916;18.6170384287834
Chełmska 04;53.040238;18.698399
Ostrołęcka 01;53.0356837073195;18.7017130851746
Pilska 04;53.037907;18.69544
Jedwabno 38;53.0512018620099;18.7689875811338
Młyniec I - Żwirownia 36;53.0577766362652;18.7900154292583
Młyniec I 34;53.0674912623809;18.8063728809357
Młyniec II - Dolina Drwęcy 30;53.0571463268397;18.8043451309204
Młyniec II - Nad Doliną 28;53.0503461365618;18.7948179244995
Krobia - Radosna 26;53.0399777312909;18.786261677742
Szembekowo 76;53.0500728490189;18.8363103568554
Szembekowo - Skrzyżowanie 75;53.0504299766405;18.8448813557625
Szembekowo - OSP 73;53.0437722442106;18.8429528474808
Szembekowo - Sklep 70;53.0392374962571;18.8412845134735
Szembekowo - Osiedlowa 69;53.0319070319663;18.8358074426651
Brzozówka - Olszynowa 67;53.028468;18.822745
Brzozówka - Wieś 65;53.02662;18.816846
Brzozówka - Sklep 63;53.024182;18.809123
Papowo Toruńskie - Kościół 02;53.0791243314918;18.6586931347847
Papowo Toruńskie - Sołectwo 01;53.0866658568992;18.6678957939148
Gostkowo I 01;53.094080428695;18.6777073144913
Gostkowo - Kościół 14;53.100308454796;18.6903592944145
Gostkowo III 01;53.1054502855657;18.7078580260277
Turzno - Pałac 25;53.109583;18.72647
Turzno - Kasztanowa 01;53.1174626717306;18.7320113182068
Kamionki Małe II 01;53.1219618237508;18.7371933460236
Kamionki Małe III 16;53.1305000641459;18.741409778595
Gen. Orlicza-Dreszera 01;52.990473;18.607598
Okólna 02;52.986381;18.616051
Okólna 01;52.986379;18.616102
Kanałowa 01;53.036827;18.638796
Hutowo 02;53.041715;18.652891
